-- phpMyAdmin SQL Dump
-- version 4.4.15.7
-- http://www.phpmyadmin.net
--
-- Хост: 127.0.0.1:3306
-- Время создания: Апр 06 2017 г., 21:31
-- Версия сервера: 5.5.50
-- Версия PHP: 5.6.23

SET SQL_MODE = "NO_AUTO_VALUE_ON_ZERO";
SET time_zone = "+00:00";


/*!40101 SET @OLD_CHARACTER_SET_CLIENT=@@CHARACTER_SET_CLIENT */;
/*!40101 SET @OLD_CHARACTER_SET_RESULTS=@@CHARACTER_SET_RESULTS */;
/*!40101 SET @OLD_COLLATION_CONNECTION=@@COLLATION_CONNECTION */;
/*!40101 SET NAMES utf8mb4 */;

--
-- База данных: `im`
--

-- --------------------------------------------------------

--
-- Структура таблицы `category`
--

CREATE TABLE IF NOT EXISTS `category` (
  `id` int(10) unsigned NOT NULL,
  `parent_id` int(10) unsigned NOT NULL DEFAULT '0',
  `name` varchar(255) NOT NULL,
  `keywords` varchar(255) DEFAULT NULL,
  `description` varchar(255) DEFAULT NULL
) ENGINE=InnoDB AUTO_INCREMENT=19 DEFAULT CHARSET=utf8mb4;

--
-- Дамп данных таблицы `category`
--

INSERT INTO `category` (`id`, `parent_id`, `name`, `keywords`, `description`) VALUES
(1, 0, 'SPORTSWEAR', NULL, NULL),
(2, 0, 'MENS', NULL, NULL),
(3, 0, 'WOMENS', NULL, NULL),
(4, 1, 'NIKE', NULL, NULL),
(5, 1, 'UNDER ARMOUR', NULL, NULL),
(6, 2, 'FENDI', NULL, NULL),
(7, 2, 'GUESS', NULL, NULL),
(8, 2, 'VALENTINO', NULL, NULL),
(9, 2, 'DIOR', NULL, NULL),
(10, 3, 'FENDI', NULL, NULL),
(11, 3, 'GUESS', NULL, NULL),
(12, 0, 'KIDS', NULL, NULL),
(13, 0, 'FASHION', NULL, NULL),
(14, 0, 'HOUSEHOLDS', NULL, NULL),
(15, 0, 'INTERIORS', NULL, NULL),
(16, 0, 'CLOTHING', NULL, NULL),
(17, 0, 'BAGS', NULL, NULL),
(18, 0, 'SHOES', NULL, NULL);

-- --------------------------------------------------------

--
-- Структура таблицы `order`
--

CREATE TABLE IF NOT EXISTS `order` (
  `id` int(10) unsigned NOT NULL,
  `created_at` datetime NOT NULL,
  `updated_at` datetime NOT NULL,
  `qty` int(10) NOT NULL,
  `sum` float NOT NULL,
  `status` enum('0','1') NOT NULL DEFAULT '0',
  `name` varchar(255) NOT NULL,
  `email` varchar(255) NOT NULL,
  `phone` varchar(255) NOT NULL,
  `address` varchar(255) NOT NULL
) ENGINE=InnoDB AUTO_INCREMENT=6 DEFAULT CHARSET=utf8mb4;

--
-- Дамп данных таблицы `order`
--

INSERT INTO `order` (`id`, `created_at`, `updated_at`, `qty`, `sum`, `status`, `name`, `email`, `phone`, `address`) VALUES
(1, '2017-04-06 21:03:10', '2017-04-06 21:03:10', 12, 2170.26, '0', 'Николай', 'kolyha5@yandex.ru', '+79206001813', 'ул. Речная'),
(2, '2017-04-06 21:14:44', '2017-04-06 21:14:44', 12, 2170.26, '0', 'Николай', 'kolyha5@yandex.ru', '+79206001813', 'ул. Речная'),
(3, '2017-04-06 21:15:40', '2017-04-06 21:15:40', 12, 2170.26, '0', 'Николай', 'kolyha5@yandex.ru', '+79206001813', 'ул. Речная'),
(4, '2017-04-06 21:27:22', '2017-04-06 21:27:22', 12, 2170.26, '0', 'Николай', 'kolyha5@yandex.ru', '+79206001813', 'ул. Речная'),
(5, '2017-04-06 21:28:28', '2017-04-06 21:28:28', 4, 1340.51, '0', 'Николай123', 'kolyha5@yandex.ru', '+79206001813', 'ул. Речная1111');

-- --------------------------------------------------------

--
-- Структура таблицы `order_items`
--

CREATE TABLE IF NOT EXISTS `order_items` (
  `id` int(10) unsigned NOT NULL,
  `order_id` int(10) unsigned NOT NULL,
  `product_id` int(10) unsigned NOT NULL,
  `name` varchar(255) NOT NULL,
  `price` float NOT NULL,
  `qty_item` int(11) NOT NULL,
  `sum_item` float NOT NULL
) ENGINE=InnoDB AUTO_INCREMENT=7 DEFAULT CHARSET=utf8mb4;

--
-- Дамп данных таблицы `order_items`
--

INSERT INTO `order_items` (`id`, `order_id`, `product_id`, `name`, `price`, `qty_item`, `sum_item`) VALUES
(1, 3, 2, 'Джинсы Garcia MR520 227', 150, 11, 1650),
(2, 3, 3, 'Блузка Mango', 520.256, 1, 520.256),
(3, 4, 2, 'Джинсы Garcia MR520 227', 150, 11, 1650),
(4, 4, 3, 'Блузка Mango', 520.256, 1, 520.256),
(5, 5, 2, 'Джинсы Garcia MR520 227', 150, 2, 300),
(6, 5, 3, 'Блузка Mango', 520.256, 2, 1040.51);

-- --------------------------------------------------------

--
-- Структура таблицы `product`
--

CREATE TABLE IF NOT EXISTS `product` (
  `id` int(10) unsigned NOT NULL,
  `category_id` int(10) unsigned NOT NULL,
  `name` varchar(255) NOT NULL,
  `content` text,
  `price` float NOT NULL DEFAULT '0',
  `keywords` varchar(255) DEFAULT NULL,
  `description` varchar(255) DEFAULT NULL,
  `img` varchar(255) NOT NULL DEFAULT 'no-image.png',
  `hit` enum('0','1') NOT NULL DEFAULT '0',
  `new` enum('0','1') NOT NULL DEFAULT '0',
  `sale` enum('0','1') NOT NULL DEFAULT '0'
) ENGINE=InnoDB AUTO_INCREMENT=10 DEFAULT CHARSET=utf8mb4;

--
-- Дамп данных таблицы `product`
--

INSERT INTO `product` (`id`, `category_id`, `name`, `content`, `price`, `keywords`, `description`, `img`, `hit`, `new`, `sale`) VALUES
(1, 4, 'Джинсы Garcia 244', 'Великолепные джинсы', 14.5, 'джинсы', 'джинсы', 'product1.jpg', '0', '1', '0'),
(2, 9, 'Джинсы Garcia MR520 227', 'MR520 - отличный выбор', 150, 'джинсы', 'джинсы описание', 'product2.jpg', '1', '1', '0'),
(3, 9, 'Блузка Mango', 'Испанский бренд', 520.256, NULL, NULL, 'product3.jpg', '1', '0', '1'),
(4, 10, 'Блузка Tom', NULL, 120, NULL, NULL, 'no-image.png', '1', '0', '1'),
(5, 10, 'Блузка Kira', NULL, 123, NULL, NULL, 'product5.jpg', '0', '0', '0'),
(6, 12, 'Кардиган Levi''s', NULL, 56.9, NULL, NULL, 'product6.jpg', '0', '1', '1'),
(7, 9, 'Куртка джинсовая', NULL, 560.25, NULL, NULL, 'no-image.png', '1', '1', '0'),
(8, 9, 'Костюм мужской', 'Элегантный мужской костюм', 952, 'мужской костюм', 'Элегантный мужской костюм', 'product3.jpg', '0', '0', '0'),
(9, 9, 'Платье женское MS42', NULL, 145, NULL, NULL, 'product5.jpg', '0', '0', '0');

--
-- Индексы сохранённых таблиц
--

--
-- Индексы таблицы `category`
--
ALTER TABLE `category`
  ADD PRIMARY KEY (`id`);

--
-- Индексы таблицы `order`
--
ALTER TABLE `order`
  ADD PRIMARY KEY (`id`);

--
-- Индексы таблицы `order_items`
--
ALTER TABLE `order_items`
  ADD PRIMARY KEY (`id`),
  ADD KEY `order_id` (`order_id`),
  ADD KEY `product_id` (`product_id`);

--
-- Индексы таблицы `product`
--
ALTER TABLE `product`
  ADD PRIMARY KEY (`id`),
  ADD KEY `category_id` (`category_id`);

--
-- AUTO_INCREMENT для сохранённых таблиц
--

--
-- AUTO_INCREMENT для таблицы `category`
--
ALTER TABLE `category`
  MODIFY `id` int(10) unsigned NOT NULL AUTO_INCREMENT,AUTO_INCREMENT=19;
--
-- AUTO_INCREMENT для таблицы `order`
--
ALTER TABLE `order`
  MODIFY `id` int(10) unsigned NOT NULL AUTO_INCREMENT,AUTO_INCREMENT=6;
--
-- AUTO_INCREMENT для таблицы `order_items`
--
ALTER TABLE `order_items`
  MODIFY `id` int(10) unsigned NOT NULL AUTO_INCREMENT,AUTO_INCREMENT=7;
--
-- AUTO_INCREMENT для таблицы `product`
--
ALTER TABLE `product`
  MODIFY `id` int(10) unsigned NOT NULL AUTO_INCREMENT,AUTO_INCREMENT=10;
--
-- Ограничения внешнего ключа сохраненных таблиц
--

--
-- Ограничения внешнего ключа таблицы `order_items`
--
ALTER TABLE `order_items`
  ADD CONSTRAINT `order_items_ibfk_1` FOREIGN KEY (`order_id`) REFERENCES `order` (`id`),
  ADD CONSTRAINT `order_items_ibfk_2` FOREIGN KEY (`product_id`) REFERENCES `product` (`id`);

--
-- Ограничения внешнего ключа таблицы `product`
--
ALTER TABLE `product`
  ADD CONSTRAINT `product_ibfk_1` FOREIGN KEY (`category_id`) REFERENCES `category` (`id`) ON UPDATE CASCADE;

/*!40101 SET CHARACTER_SET_CLIENT=@OLD_CHARACTER_SET_CLIENT */;
/*!40101 SET CHARACTER_SET_RESULTS=@OLD_CHARACTER_SET_RESULTS */;
/*!40101 SET COLLATION_CONNECTION=@OLD_COLLATION_CONNECTION */;
